County_FIPS,Medicaid,SVI,YPLL,Unemp,Covid_last_14,Cum_Covid_death_in_June,Cum_Covid_death_in_July,Cum_Covid_death_in_August
15001,687.8870436060295,0.2033041381443286,7186.0,13.7,57.564524373117365,0.0,0.0,0.9924917995365062
15007,496.4142133715951,0.1724901206886905,6333.0,20.2,0.0,0.0,0.0,0.0
15009,438.1981410598576,0.21484881221734212,5343.0,22.6,26.28167987719288,271.1791514601265,382.27898003189637,502.93578310446367
15003,392.62539396445567,0.2173044905702007,5585.0,12.5,121.28512984794212,87.83423955147076,137.80535481030984,245.64856248390302
15005,274.8414376321353,0.19205243837943817,8500.241558457017,17.0,0.0,0.0,0.0,0.0
