County_FIPS,Medicaid,SVI,YPLL,Unemp,Covid_last_14,Cum_Covid_death_in_July,Cum_Covid_death_in_August,Cum_Covid_death_in_September
11001,31465.15262508342,1.0,8111.0,9.0,75.94768111609085,6681.695616996977,9302.315695806867,11925.911336750036
