County_FIPS,Medicaid,SVI,YPLL,Unemp,Covid_last_14,Cum_Covid_death_in_June,Cum_Covid_death_in_July,Cum_Covid_death_in_August
44001,333.6777498785791,0.16117508516164408,3983.0,9.5,72.19620866767053,942.6762103178696,1901.8544111883498,2873.4091049732874
44005,282.7770898724335,0.18807616762384108,5415.0,10.4,51.16834385127068,299.7002997002997,526.3029653273555,752.9056309544114
44009,278.29357865909145,0.1738527450924275,5250.0,9.7,55.74269173495147,2233.6892902362697,3796.873631317837,5403.059477452081
44003,404.41298530554246,0.18608703601400747,6419.0,11.3,73.64935602463906,2262.4351763932514,4118.885886105228,6055.681347844083
44007,638.2735025734036,0.29080896610807994,6313.0,13.3,146.65120333807565,4751.686801861234,8547.088809276745,12530.93056996765
