County_FIPS,Medicaid,SVI,YPLL,Unemp,Covid_last_14,Cum_Covid_death_in_July,Cum_Covid_death_in_August,Cum_Covid_death_in_September
10001,29800.427024216475,0.3496056222171957,7952.0,14.1,148.79470755478854,3964.3556470080644,5820.140940117045,7693.073578706315
10003,22137.867716146488,0.3277979809568357,7701.0,12.8,231.2291835569563,3323.4720887404633,4952.635601061649,6597.190529625792
10005,25209.093820044833,0.3225963968259686,8085.0,11.5,133.63219126907887,6026.683744262995,8580.211335254564,11140.569964777458
