County_FIPS,Medicaid,SVI,YPLL,Unemp,Covid_last_14,Cum_Covid_death_in_June,Cum_Covid_death_in_July,Cum_Covid_death_in_August
9005,392.82882223442186,0.0908213408975906,5933.0,8.4,46.0259630794142,4839.935009122013,7206.113135144427,9588.927151436508
9007,313.37656900955676,0.10311598263697129,5466.0,8.2,32.012608042552145,6059.617326208476,9642.566918663351,13303.085522913641
9011,457.7162315675019,0.13384235269724667,6400.0,12.6,67.49470223147289,2008.6272557936095,3202.039169551217,4422.976855727246
9015,558.0249758290894,0.1352054397073685,7090.0,9.6,89.05482009213748,673.9052251203096,1055.8133959000531,1453.9911972735524
9013,278.9259625400574,0.10937366100134674,5008.0,7.9,67.6747102261795,2737.508376404084,4067.7808666343776,5411.9863854406485
9001,376.79205200290033,0.14442692079562253,4529.0,10.1,66.25451060708214,9119.588861609698,13687.757862555283,18321.43932358915
9009,520.6009108170775,0.14114243349266448,6219.0,9.9,41.88324868939359,7262.64891659267,11205.406916819633,15222.33804461385
9003,479.453395480848,0.14207186877118913,6084.0,10.3,69.52855156327098,8903.355313327054,13754.990355717042,18687.256089355404
