County_FIPS,Medicaid,SVI,YPLL,Unemp,Covid_last_14,Cum_Covid_death_in_July,Cum_Covid_death_in_August,Cum_Covid_death_in_September
10001,30032.321681600948,0.3496056222171957,7952.0,14.1,153.21982896905735,3964.3556470080644,5820.140940117045,7693.073578706315
10003,22411.42638393575,0.3277979809568357,7701.0,12.8,240.177681372628,3323.4720887404633,4952.635601061649,6597.190529625792
10005,25398.76172981893,0.3225963968259686,8085.0,11.5,148.14814814814815,6026.683744262995,8580.211335254564,11140.569964777458
