County_FIPS,Medicaid,SVI,YPLL,Unemp,Covid_last_14,Cum_Covid_death_in_June,Cum_Covid_death_in_July,Cum_Covid_death_in_August
10001,541.8259458948451,0.3496056222171957,7952.0,14.1,67.48310156759926,2315.444780016152,3964.3556470080644,5820.140940117045
10003,402.50668574811795,0.3277979809568357,7701.0,12.8,167.5158791093739,1894.0390476650687,3323.4720887404633,4952.635601061649
10005,458.34716036445144,0.3225963968259686,8085.0,11.5,89.23044081545522,3641.797417013555,6026.683744262995,8580.211335254564
