County_FIPS,Medicaid,SVI,YPLL,Unemp,Covid_last_14,Cum_Covid_death_in_July,Cum_Covid_death_in_August,Cum_Covid_death_in_September
11001,35223.71267972041,1.0,8111.0,8.9,103.8612877949526,6681.695616996977,9302.315695806867,11925.911336750036
