County_FIPS,Medicaid,SVI,YPLL,Unemp,Covid_last_14,Cum_Covid_death_in_July,Cum_Covid_death_in_August,Cum_Covid_death_in_September
9005,21605.5852228932,0.0908213408975906,5933.0,8.4,42.69878502548064,7206.113135144427,9588.927151436508,11913.515551784754
9007,17235.71129552562,0.10311598263697129,5466.0,8.2,44.32514959737989,9642.566918663351,13303.085522913641,16863.256913492085
9011,25174.3927362126,0.13384235269724667,6400.0,12.6,184.3849686658673,3202.039169551217,4422.976855727246,5680.489883335973
9015,30691.373670599918,0.1352054397073685,7090.0,9.6,107.89333972701272,1055.8133959000531,1453.9911972735524,1841.8934424825745
9013,15340.92793970316,0.10937366100134674,5008.0,7.9,103.50249799298041,4067.7808666343776,5411.9863854406485,6716.383251172696
9001,20723.56286015952,0.14442692079562253,4529.0,10.1,72.50893640839068,13687.757862555283,18321.43932358915,22833.212485105985
9009,28633.05009493926,0.14114243349266448,6219.0,9.9,49.01977989065898,11205.406916819633,15222.33804461385,19123.095803836644
9003,26369.936751446643,0.14207186877118913,6084.0,10.3,82.53711927510878,13754.990355717042,18687.256089355404,23501.883999461716
