County_FIPS,Medicaid,SVI,YPLL,Unemp,Covid_last_14,Cum_Covid_death_in_July,Cum_Covid_death_in_August,Cum_Covid_death_in_September
44001,18352.27624332185,0.16117508516164408,3983.0,9.5,66.00796221044163,1901.8544111883498,2873.4091049732874,3863.5285381299122
44005,15552.739942983846,0.18807616762384108,5415.0,10.4,34.112229234180454,526.3029653273555,752.9056309544114,991.6912355936747
44009,15306.146826250031,0.1738527450924275,5250.0,9.7,98.74419678762831,3796.873631317837,5403.059477452081,7062.59904281835
44003,22242.714191804836,0.18608703601400747,6419.0,11.3,90.69218221215884,4118.885886105228,6055.681347844083,7992.476809582938
44007,35105.04264153719,0.29080896610807994,6313.0,13.3,154.32026306439977,8547.088809276745,12530.93056996765,16579.25503692887
