County_FIPS,Medicaid,SVI,YPLL,Unemp,Covid_last_14,Cum_Covid_death_in_June,Cum_Covid_death_in_July,Cum_Covid_death_in_August
11001,572.0936840924259,1.0,8111.0,9.0,86.858075604783,4169.329322464502,6681.695616996977,9302.315695806867
