County_FIPS,Medicaid,SVI,YPLL,Unemp,Covid_last_14,Cum_Covid_death_in_July,Cum_Covid_death_in_August,Cum_Covid_death_in_September
9005,21772.25455985944,0.0908213408975906,5933.0,8.4,32.16272118802438,7206.113135144427,9588.927151436508,11913.515551784754
9007,17369.894600179174,0.10311598263697129,5466.0,8.2,38.16887881996602,9642.566918663351,13303.085522913641,16863.256913492085
9011,25373.639905655327,0.13384235269724667,6400.0,12.6,162.89224225696253,3202.039169551217,4422.976855727246,5680.489883335973
9015,30934.354134075427,0.1352054397073685,7090.0,9.6,86.48593105101813,1055.8133959000531,1453.9911972735524,1841.8934424825745
9013,15459.616392258118,0.10937366100134674,5008.0,7.9,90.89642451947638,4067.7808666343776,5411.9863854406485,6716.383251172696
9001,20891.052704332025,0.14442692079562253,4529.0,10.1,58.51598376817494,13687.757862555283,18321.43932358915,22833.212485105985
9009,28861.038428575925,0.14114243349266448,6219.0,9.9,37.67152535749927,11205.406916819633,15222.33804461385,19123.095803836644
9003,26579.3842616994,0.14207186877118913,6084.0,10.3,69.41640873816893,13754.990355717042,18687.256089355404,23501.883999461716
